prime number;x;y;r;theta
2;2;20.000000;0.816164;1.825891
3;3;30.000000;0.462754;-2.964095
5;5;50.000000;4.824830;-1.311874
7;7;70.000000;4.433234;5.417235
11;11;110.000000;-10.989229;-0.486669
13;13;130.000000;-4.774787;-12.091377
17;17;170.000000;15.945911;5.893041
19;19;190.000000;1.259830;18.958186
23;23;230.000000;-18.117007;-14.169477
29;29;290.000000;16.310439;23.978523
